id;content;sent_at
1;../fake-data/blob/hipster.txt;2023-02-16T18:11:53
2;../fake-data/blob/hipster.txt;2023-02-16T05:05:17
3;../fake-data/blob/hipster.txt;2023-02-17T03:24:42
4;../fake-data/blob/hipster.txt;2023-02-16T16:55:47
5;../fake-data/blob/hipster.txt;2023-02-17T00:52:46
6;../fake-data/blob/hipster.txt;2023-02-17T01:30:00
7;../fake-data/blob/hipster.txt;2023-02-16T04:02:36
8;../fake-data/blob/hipster.txt;2023-02-16T06:03:34
9;../fake-data/blob/hipster.txt;2023-02-16T15:22:30
10;../fake-data/blob/hipster.txt;2023-02-16T12:07:59
